KeyTitle,KeyGenre
tt1825683,1
tt1825683,2
tt1825683,3
tt1872181,1
tt1872181,2
tt1872181,3
tt1840309,1
tt1840309,2
tt1840309,4
tt6133466,1
tt6133466,5
tt6133466,3
tt1862079,2
tt1862079,6
tt1862079,4
tt5978540,4
tt5978540,5
tt5978540,7
tt2442560,8
tt2442560,4
tt0487189,4
tt0487189,9
tt14954666,4
tt14954666,10
tt2322441,4
tt2322441,9
tt2322441,7
tt5727208,8
tt5727208,4
tt5727208,7
tt0455944,1
tt0455944,8
tt0455944,7
tt1936911,6
tt1936911,11
tt1936911,10
tt1951264,1
tt1951264,2
tt1951264,3
tt0948470,1
tt0948470,3
tt0324554,4
tt0324554,12
tt0324554,9
tt0278504,4
tt0278504,12
tt0278504,7
tt4590256,6
tt4590256,9
tt11454722,6
tt11454722,4
tt28814949,11
tt28814949,10
tt28814949,13
tt1482459,2
tt1482459,14
tt1482459,6
tt1392170,1
tt1392170,2
tt1392170,3
tt9411972,4
tt9411972,12
tt9411972,9
tt7991608,1
tt7991608,6
tt7991608,7
tt8079248,6
tt8079248,15
tt8079248,10
tt1473832,6
tt1473832,4
tt1473832,9
tt1170358,2
tt1170358,15
tt2382320,1
tt2382320,2
tt2382320,7
tt1517268,2
tt1517268,6
tt1517268,15
tt8097030,2
tt8097030,14
tt8097030,6
tt7752126,4
tt7752126,5
tt7752126,12
tt5013056,1
tt5013056,4
tt5013056,16
tt10731256,4
tt10731256,12
tt10731256,7
tt13139228,4
tt13139228,9
tt5164432,6
tt5164432,4
tt5164432,9
tt0298203,4
tt0298203,10
tt1201167,6
tt1201167,4
tt1596343,1
tt1596343,8
tt1596343,7
tt0306685,1
tt0306685,8
tt0306685,4
tt9376612,1
tt9376612,2
tt9376612,15
tt2357291,2
tt2357291,14
tt2357291,6
tt0448115,1
tt0448115,2
tt0448115,6
tt1324999,2
tt1324999,4
tt1324999,15
tt1666801,6
tt1666801,9
tt2126235,1
tt2126235,2
tt2126235,8
tt8045906,4
tt8045906,9
tt6284564,1
tt6284564,6
tt3088084,4
tt3088084,9
tt4192812,8
tt4192812,4
tt4192812,12
tt5222314,6
tt5222314,4
tt5222314,9
tt2666270,6
tt2666270,4
tt2666270,9
tt2948356,1
tt2948356,2
tt2948356,14
tt0484740,4
tt0484740,9
tt0988595,6
tt0988595,9
tt0435651,4
tt0435651,9
tt0435651,3
tt1340138,1
tt1340138,2
tt1340138,3
tt4682786,4
tt4682786,9
tt1282140,6
tt1282140,4
tt1282140,9
tt6467266,2
tt6467266,14
tt6467266,6
tt6957966,6
tt6957966,9
tt14668630,2
tt14668630,6
tt14668630,17
tt1517260,1
tt1517260,2
tt1517260,4
tt2109248,1
tt2109248,2
tt2109248,3
tt1355644,4
tt1355644,9
tt1355644,3
tt12584954,1
tt12584954,2
tt12584954,7
tt8103070,2
tt8103070,4
tt8103070,15
tt1480165,6
tt1480165,18
tt1480165,19
tt1496025,1
tt1496025,15
tt1496025,7
tt0287978,1
tt0287978,8
tt0287978,4
tt12649014,1
tt12649014,6
tt12649014,3
tt2820852,1
tt2820852,7
tt1905041,1
tt1905041,7
tt3011894,6
tt3011894,4
tt3011894,7
tt1981677,6
tt1981677,10
tt1981677,9
tt1343092,4
tt1343092,9
tt5033998,1
tt5033998,2
tt5033998,6
tt1126590,20
tt1126590,8
tt1126590,4
tt1587310,1
tt1587310,2
tt1587310,4
tt7942796,1
tt7942796,2
tt7942796,8
tt14071882,6
tt14071882,9
tt5420376,8
tt5420376,4
tt5420376,12
tt4633694,1
tt4633694,2
tt4633694,14
tt11083552,1
tt11083552,8
tt11083552,7
tt1293847,1
tt1293847,2
tt1293847,7
tt3359350,1
tt3359350,4
tt3359350,7
tt3076658,1
tt3076658,4
tt3076658,21
tt3960240,6
tt3960240,10
tt1232829,1
tt1232829,6
tt1232829,8
tt1632708,6
tt1632708,9
tt1592873,6
tt1592873,4
tt1592873,9
tt1065073,4
tt5433138,1
tt5433138,8
tt5433138,7
tt3554046,2
tt3554046,14
tt3554046,6
tt16433356,6
tt16433356,22
tt2446042,1
tt2446042,7
tt2268016,6
tt2268016,4
tt2268016,10
tt5164196,1
tt5164196,2
tt5164196,6
tt1236246,1
tt1236246,4
tt1236246,3
tt5814534,1
tt5814534,2
tt5814534,14
tt1727776,1
tt1727776,6
tt1727776,5
tt1932718,6
tt1932718,4
tt1932718,9
tt0305357,1
tt0305357,2
tt0305357,6
tt0203009,4
tt0203009,13
tt0203009,9
tt1402488,2
tt1402488,14
tt1402488,6
tt5024912,6
tt5024912,4
tt5024912,9
tt6791096,6
tt6791096,9
tt8652728,4
tt8652728,9
tt8652728,21
tt1074638,1
tt1074638,2
tt1074638,7
tt1464540,1
tt1464540,2
tt1464540,3
tt2304933,1
tt2304933,2
tt2304933,3
tt1155056,6
tt1155056,9
tt1702443,11
tt1702443,10
tt1608290,1
tt1608290,2
tt1608290,6
tt0247082,8
tt0247082,4
tt0247082,12
tt1800741,4
tt1800741,10
tt1800741,9
tt1599348,1
tt1599348,7
tt7556122,1
tt7556122,7
tt1798684,1
tt1798684,4
tt1798684,21
tt4669788,20
tt4669788,4
tt4669788,16
tt3614530,2
tt3614530,4
tt3614530,17
tt6265828,4
tt6265828,15
tt6265828,12
tt1038919,1
tt1038919,6
tt1038919,9
tt6723592,1
tt6723592,3
tt6723592,7
tt4630562,1
tt4630562,8
tt4630562,7
tt5580266,8
tt5580266,4
tt3850214,2
tt3850214,6
tt3850214,8
tt5519340,1
tt5519340,15
tt5519340,7
tt1502397,1
tt1502397,6
tt1502397,8
tt0826215,18
tt0826215,19
tt1336617,6
tt1336617,4
tt1336617,9
tt1956620,6
tt1956620,9
tt0480687,6
tt0480687,9
tt1413495,4
tt1413495,7
tt0288937,4
tt0288937,9
tt10304142,6
tt10304142,4
tt10304142,16
tt1229340,6
tt2704998,1
tt2704998,2
tt2704998,6
tt0314331,6
tt0314331,4
tt0314331,9
tt1001508,6
tt1001508,4
tt1001508,9
tt0372532,6
tt0372532,9
tt0297284,8
tt0297284,5
tt0297284,7
tt1292566,6
tt1292566,4
tt1292566,9
tt4048272,6
tt4048272,4
tt6802308,20
tt6802308,4
tt6802308,7
tt2132285,20
tt2132285,8
tt2132285,4
tt4769836,1
tt4769836,2
tt4769836,6
tt3721936,2
tt3721936,4
tt3721936,9
tt7713068,1
tt7713068,6
tt7713068,8
tt6977338,2
tt6977338,6
tt0203259,8
tt0203259,4
tt0203259,12
tt13610562,6
tt8510382,6
tt8510382,4
tt8510382,13
tt4800624,6
tt4800624,17
tt2935622,1
tt2935622,6
tt2935622,4
tt13327038,6
tt13327038,9
tt0460792,6
tt0460792,4
tt0327084,2
tt0327084,14
tt0327084,6
tt0315327,6
tt0315327,15
tt1014759,2
tt1014759,17
tt1014759,15
tt1440129,1
tt1440129,2
tt1440129,3
tt2224026,2
tt2224026,14
tt2224026,6
tt2239822,1
tt2239822,2
tt2239822,15
tt1245492,6
tt1245492,15
tt5722298,6
tt5722298,8
tt5722298,4
tt4560190,11
tt4560190,16
tt4560190,10
tt0942385,1
tt0942385,6
tt0942385,23
tt1431045,1
tt1431045,6
tt1431045,3
tt5113044,2
tt5113044,14
tt5113044,6
tt7510346,4
tt7510346,5
tt7510346,12
tt10155932,6
tt10155932,17
tt10155932,15
tt10740926,20
tt10740926,4
tt3480822,1
tt3480822,2
tt3480822,3
tt0462590,8
tt0462590,4
tt0462590,10
tt0367479,1
tt0367479,6
tt0367479,8
tt0446046,4
tt0446046,10
tt1262426,15
tt1262426,13
tt1262426,9
tt11286314,6
tt11286314,4
tt11286314,3
tt1604099,6
tt1604099,4
tt1604099,17
tt2487090,6
tt2487090,4
tt2487090,17
tt9612102,8
tt9612102,4
tt9612102,7
tt9848536,4
tt4379536,6
tt4379536,4
tt4379536,9
tt6134022,15
tt6134022,12
tt6134022,7
tt4131800,2
tt4131800,14
tt4131800,6
tt1637574,6
tt1637574,10
tt1637574,19
tt4139124,1
tt4139124,6
tt4139124,8
tt3317234,1
tt3317234,6
tt7887026,4
tt19863802,22
tt5139360,18
tt0493093,6
tt0493093,17
tt0493093,10
tt1114677,6
tt1114677,4
tt1114677,17
tt1294226,4
tt1294226,10
tt1294226,9
tt0397892,2
tt0397892,14
tt0397892,6
tt0437086,1
tt0437086,2
tt0437086,3
tt15009428,1
tt15009428,6
tt15009428,7
tt15326988,1
tt15326988,2
tt15326988,6
tt1289401,1
tt1289401,6
tt1289401,15
tt6003368,2
tt6003368,6
tt6003368,17
tt18453222,6
tt5433140,1
tt5433140,2
tt5433140,8
tt6857166,6
tt6857166,4
tt6857166,9
tt1911658,1
tt1911658,2
tt1911658,14
tt0275022,6
tt0275022,4
tt0275022,9
tt0295178,1
tt0295178,2
tt0295178,6
tt11057302,1
tt11057302,2
tt11057302,3
tt0460649,6
tt0460649,4
tt0460649,9
tt2261287,2
tt2261287,14
tt2261287,6
tt1308728,1
tt1308728,6
tt1308728,8
tt5610554,6
tt5610554,4
tt5610554,12
tt1219024,6
tt1219024,8
tt1219024,4
tt0417148,1
tt0417148,2
tt0417148,8
tt1023111,1
tt1023111,4
tt1023111,21
tt0844708,5
tt0844708,7
tt1032815,2
tt1032815,6
tt1032815,17
tt4932154,4
tt4932154,9
tt5140252,20
tt5140252,11
tt5140252,17
tt5503686,6
tt5503686,8
tt5503686,4
tt2126357,6
tt2126357,4
tt2126357,9
tt0120780,6
tt0120780,8
tt0120780,4
tt0252076,6
tt0252076,4
tt0252076,9
tt10969656,4
tt10969656,9
tt10559412,9
tt7541720,4
tt7541720,13
tt7541720,7
tt1823664,6
tt1823664,4
tt1823664,17
tt3741834,20
tt3741834,4
tt2660888,1
tt2660888,2
tt2660888,3
tt1386697,1
tt1386697,2
tt1386697,15
tt1291150,1
tt1291150,2
tt1291150,6
tt1686821,1
tt1686821,6
tt1686821,4
tt0472181,2
tt0472181,14
tt0472181,6
tt2017020,2
tt2017020,14
tt2017020,6
tt0876563,2
tt0876563,14
tt0876563,6
tt4799050,6
tt6792642,6
tt0135790,1
tt0135790,6
tt0135790,8
tt21051906,6
tt21051906,4
tt21051906,9
tt9466114,6
tt9466114,4
tt9466114,9
tt8522006,6
tt8522006,9
tt4180560,6
tt6898324,4
tt6898324,7
tt3685236,6
tt3685236,9
tt0262396,8
tt0262396,4
tt0262396,7
tt0338639,6
tt0338639,4
tt0338639,13
tt0290935,4
tt0115447,1
tt0115447,8
tt0115447,21
tt0306368,10
tt0306368,22
tt1621045,6
tt1621045,9
tt2380307,2
tt2380307,14
tt2380307,4
tt3104988,6
tt3104988,4
tt3104988,9
tt1469304,1
tt1469304,6
tt1469304,8
tt5013984,8
tt5013984,4
tt0120185,6
tt0120185,17
tt0120185,10
tt8106534,1
tt8106534,7
tt0122718,1
tt0122718,2
tt0122718,6
tt0981227,6
tt0981227,4
tt0981227,10
tt3107288,1
tt3107288,2
tt3107288,4
tt4061848,1
tt4061848,2
tt4061848,14
tt1700258,6
tt3433074,6
tt1453405,2
tt1453405,14
tt1453405,6
tt1588342,1
tt1588342,8
tt1588342,4
tt3288290,11
tt3288290,10
tt2294449,1
tt2294449,6
tt2294449,8
tt2692250,2
tt2692250,6
tt2692250,17
tt3310362,18
tt0320037,6
tt0320037,10
tt0320037,19
tt0486535,18
tt0486535,19
tt1217613,1
tt1217613,2
tt1217613,3
tt0485985,1
tt0485985,4
tt0485985,16
tt0780521,2
tt0780521,14
tt0780521,6
tt12800524,4
tt12800524,3
tt12800524,7
tt5206260,2
tt5206260,14
tt5206260,6
tt3521164,2
tt3521164,14
tt3521164,6
tt4126476,4
tt4126476,9
tt5001718,4
tt5001718,9
tt6968614,1
tt6968614,7
tt3152592,2
tt3152592,14
tt3152592,6
tt13075042,4
tt13075042,5
tt13075042,12
tt2101441,8
tt2101441,4
tt2101441,7
tt20221436,6
tt20221436,8
tt20221436,4
tt1067774,2
tt1067774,6
tt1067774,17
tt0837562,14
tt0837562,6
tt0837562,17
tt1252374,6
tt1252374,17
tt1252374,9
tt0413573,4
tt0413573,9
tt1060277,1
tt1060277,5
tt1060277,3
tt1078940,6
tt2802144,1
tt2802144,2
tt2802144,6
tt1131724,4
tt1131724,12
tt1131724,9
tt1839337,24
tt1839337,10
tt1839337,22
tt1126591,4
tt1126591,10
tt1126591,13
tt4877122,2
tt4877122,14
tt4877122,6
tt0795461,6
tt0795461,5
tt9252508,6
tt9252508,4
tt9252508,17
tt1327801,6
tt1327801,4
tt1327801,10
tt14715170,6
tt14715170,9
tt1341340,1
tt1341340,4
tt1341340,17
tt1085779,15
tt1085779,7
tt2078446,6
tt2078446,24
tt2078446,10
tt29259648,10
tt29259648,22
tt1618434,8
tt1618434,12
tt1618434,9
tt2431438,4
tt2431438,12
tt2431438,3
tt7877276,6
tt7877276,9
tt1837492,4
tt1837492,12
tt1837492,7
tt0499549,1
tt0499549,2
tt0499549,15
tt1411238,6
tt1411238,9
tt1261945,6
tt1261945,4
tt1261945,9
tt2107861,6
tt2107861,4
tt2107861,13
tt1517451,4
tt1517451,10
tt1517451,9
tt0429591,6
tt0429591,17
tt0429591,15
tt1044418,6
tt1044418,17
tt1044418,10
tt1078912,2
tt1078912,6
tt1078912,17
tt1229827,20
tt1229827,11
tt1229827,10
tt1403047,4
tt3717490,1
tt3717490,2
tt3717490,15
tt9362930,1
tt9362930,2
tt9362930,3
tt4919268,1
tt4919268,2
tt4919268,6
tt9362722,1
tt9362722,2
tt9362722,14
tt4520988,2
tt4520988,14
tt4520988,6
tt5198068,1
tt5198068,2
tt5198068,14
tt4372390,1
tt4372390,7
tt3685812,10
tt3685812,22
tt4155738,10
tt5002350,6
tt5002350,19
tt0402649,24
tt1013752,1
tt1013752,7
tt0463985,1
tt0463985,8
tt0463985,7
tt12989910,6
tt12989910,4
tt12989910,9
tt3273636,6
tt3273636,4
tt3416828,2
tt3416828,14
tt3416828,6
tt1706593,2
tt1706593,4
tt1706593,3
tt2848292,6
tt2848292,10
tt4094724,1
tt4094724,5
tt4094724,3
tt2510894,2
tt2510894,14
tt2510894,6
tt1086772,6
tt1086772,9
tt4651520,6
tt2194499,6
tt2194499,4
tt2194499,15
tt1112782,1
tt1112782,8
tt1112782,7
tt0300140,8
tt0300140,4
tt0312098,1
tt0312098,2
tt0312098,4
tt2452042,2
tt2452042,14
tt2452042,6
tt2398241,2
tt2398241,14
tt2398241,6
tt2091935,1
tt2091935,6
tt2091935,8
tt2361509,6
tt2361509,4
tt14847006,18
tt9214684,6
tt1679335,2
tt1679335,14
tt1679335,6
tt1285016,20
tt1285016,4
tt6587640,2
tt6587640,14
tt6587640,6
tt1637688,1
tt1637688,3
tt1637688,7
tt1951265,1
tt1951265,2
tt1951265,3
tt2203939,6
tt2203939,9
tt8075260,6
tt8075260,9
tt5091530,4
tt5091530,5
tt5091530,7
tt11050878,5
tt8242084,1
tt8242084,6
tt3799232,6
tt3799232,9
tt5117670,2
tt5117670,14
tt5117670,6
tt4488724,6
tt4488724,17
tt2294629,2
tt2294629,14
tt2294629,6
tt0294870,4
tt0294870,13
tt0294870,9
tt0461770,2
tt0461770,14
tt0461770,6
tt8354062,8
tt8354062,4
tt8354062,12
tt0146316,1
tt0146316,2
tt0146316,15
tt0165929,1
tt0165929,8
tt0165929,7
tt0118998,6
tt0118998,17
tt0118998,15
tt0433035,1
tt0433035,4
tt0433035,3
tt11315808,4
tt11315808,13
tt11315808,7
tt11214590,20
tt11214590,8
tt11214590,4
tt2002718,1
tt2002718,6
tt2002718,8
tt0421156,1
tt0421156,2
tt0421156,17
tt10839646,6
tt10839646,4
tt10839646,9
tt6491190,8
tt6491190,4
tt6491190,7
tt0463998,20
tt0463998,8
tt0463998,4
tt2626350,4
tt2626350,10
tt2626350,9
tt2083355,6
tt2083355,4
tt0298050,4
tt0298050,17
tt5719748,1
tt5719748,6
tt5719748,8
tt0120148,6
tt0120148,4
tt0120148,15
tt0892782,1
tt0892782,2
tt0892782,14
tt0131857,6
tt0131857,21
tt7334528,6
tt7334528,4
tt7334528,21
tt3083016,1
tt3083016,6
tt3083016,8
tt12412888,1
tt12412888,2
tt12412888,6
tt10039344,5
tt10039344,7
tt2535732,6
tt2535732,17
tt2535732,15
tt4585980,10
tt1524930,2
tt1524930,6
tt1850457,6
tt1620981,14
tt1620981,6
tt1620981,17
tt8560918,4
tt8560918,10
tt8560918,9
tt0443489,4
tt0443489,13
tt1198138,4
tt1198138,9
tt1198138,7
tt6105098,2
tt6105098,14
tt6105098,4
tt10263466,10
tt9022950,10
tt9022950,19
tt0339034,6
tt0339034,10
tt0339034,13
tt0319931,11
tt0319931,24
tt0319931,10
tt1946502,2
tt1946502,14
tt1946502,6
tt1673434,2
tt1673434,4
tt1673434,15
tt2083383,4
tt2083383,9
tt2083383,21
tt4765284,6
tt4765284,10
tt0974661,6
tt0974661,4
tt0974661,15
tt0962726,6
tt0962726,4
tt0962726,17
tt0427327,6
tt0427327,4
tt0427327,13
tt2481498,20
tt2481498,8
tt2481498,4
tt7183282,22
tt11921266,18
tt11921266,25
tt15340790,6
tt15340790,10
tt15340790,9
tt11125620,2
tt11125620,14
tt11125620,6
tt5624916,6
tt5624916,24
tt5624916,10
tt4844150,6
tt4844150,17
tt4844150,15
tt4264964,6
tt4264964,18
tt4264964,19
tt3513388,6
tt3513388,19
tt10362466,4
tt10362466,9
tt6359956,6
tt1477834,1
tt1477834,2
tt1477834,15
tt9495224,4
tt9495224,15
tt9495224,12
tt2406566,1
tt2406566,7
tt0103569,6
tt0103569,10
tt0103569,19
tt0463398,17
tt0463398,10
tt0463398,22
tt1281970,4
tt0808054,17
tt10521814,15
tt10521814,5
tt10521814,13
tt3531824,2
tt3531824,8
tt3531824,4
tt8722888,1
tt8722888,2
tt8722888,8
tt5498354,2
tt5498354,4
tt5498354,5
tt8712204,1
tt8712204,2
tt8712204,8
tt4145054,1
tt4145054,4
tt4145054,15
tt11685264,4
tt11685264,24
tt11685264,10
tt33079176,19
tt2018069,4
tt2018069,5
tt2018069,12
tt7016936,1
tt7016936,2
tt7016936,4
tt6048596,8
tt6048596,4
tt6048596,12
tt7158430,6
tt7158430,4
tt7158430,10
tt0104694,6
tt0104694,4
tt0104694,21
tt0116250,20
tt0116250,4
tt0116250,16
tt0156841,6
tt0156841,4
tt0156841,9
tt0465602,1
tt0465602,6
tt0465602,7
tt0145660,1
tt0145660,2
tt0145660,6
tt2170593,6
tt2170593,4
tt6324278,2
tt6324278,14
tt6324278,6
tt1204975,6
tt1563738,4
tt1563738,9
tt3521126,20
tt3521126,6
tt3521126,4
tt0209933,4
tt0209933,23
tt3381008,1
tt3381008,2
tt3381008,6
tt2267968,1
tt2267968,2
tt2267968,14
tt1698641,6
tt1698641,4
tt1698641,17
tt10329566,6
tt10329566,9
tt0373474,8
tt0373474,4
tt0373474,12
tt4729430,2
tt4729430,14
tt4729430,6
tt0278238,1
tt0278238,2
tt0278238,14
tt7402400,4
tt7402400,9
tt10276470,6
tt10276470,10
tt1820166,6
tt1820166,22
tt21480862,25
tt8722346,8
tt8722346,4
tt8722346,9
tt7481632,4
tt7481632,17
tt7481632,10
tt11212198,6
tt11212198,10
tt0110598,6
tt0110598,4
tt10648342,1
tt10648342,2
tt10648342,6
tt3659388,2
tt3659388,4
tt3659388,3
tt6911608,6
tt6911608,13
tt6911608,9
tt15141288,4
tt15141288,15
tt15141288,5
tt22048412,8
tt22048412,5
tt1878870,6
tt1878870,4
tt1567432,1
tt1567432,4
tt1567432,15
tt7370506,10
tt2083332,4
tt8851668,1
tt8851668,6
tt8851668,8
tt12964320,1
tt12964320,6
tt12964320,9
tt0993842,1
tt0993842,2
tt0993842,4
tt0120053,1
tt0120053,2
tt0120053,9
tt0259711,15
tt0259711,12
tt0259711,9
tt0289879,4
tt0289879,3
tt0289879,7
tt4295258,4
tt4118584,1
tt4118584,8
tt4118584,4
tt0106179,2
tt0106179,8
tt0106179,4
tt24458622,4
tt24458622,16
tt24458622,23
tt4270492,4
tt2344864,18
tt2326935,19
tt4463894,1
tt4463894,6
tt4463894,8
tt3410834,1
tt3410834,2
tt3410834,15
tt4465564,4
tt4465564,12
tt4465564,9
tt11478344,6
tt11478344,24
tt21614490,11
tt10696784,1
tt10696784,4
tt10696784,26
tt2369135,1
tt2369135,8
tt2369135,4
tt13560574,5
tt13560574,12
tt13560574,7
tt14778372,4
tt1265990,4
tt1265990,5
tt1265990,7
tt1480656,8
tt1480656,4
tt1480656,12
tt0481536,2
tt0481536,6
tt2788732,1
tt2788732,2
tt2788732,6
tt2837574,20
tt2837574,6
tt2837574,8
tt10060094,2
tt10060094,6
tt10060094,4
tt13814548,14
tt0437741,22
tt1292967,24
tt1292967,22
tt0429438,6
tt0429438,22
tt0429438,9
tt6317656,20
tt6317656,4
tt6317656,17
tt0101540,8
tt0101540,7
tt1119646,6
tt7256866,6
tt8257154,14
tt0482346,17
tt0482346,18
tt0472023,10
tt0472023,22
tt0499383,17
tt0499383,22
tt4718990,11
tt4718990,10
tt2005151,20
tt2005151,6
tt2005151,8
tt0120770,6
tt0120770,10
tt0120770,9
tt0305711,6
tt0305711,9
tt0107823,4
tt0107823,9
tt6663582,1
tt6663582,2
tt6663582,6
tt14309446,6
tt4011010,1
tt4011010,6
tt4011010,4
tt0379623,19
tt2361317,1
tt2361317,8
tt2361317,4
tt15285682,10
tt3704428,20
tt3704428,4
tt3704428,10
tt0426883,20
tt0426883,8
tt0426883,4
tt1228953,6
tt1228953,8
tt1228953,4
tt0485920,1
tt0485920,8
tt0485920,4
tt0187738,1
tt0187738,5
tt0187738,3
tt0281364,1
tt0281364,6
tt0281364,8
tt1626146,2
tt1626146,6
tt1626146,4
tt2465246,4
tt2465246,17
tt2465246,7
tt2170350,4
tt2170350,17
tt0116908,1
tt0116908,8
tt0116908,4
tt0232500,1
tt0232500,8
tt0232500,7
tt0443706,8
tt0443706,4
tt0443706,12
tt1670345,8
tt1670345,12
tt1670345,7
tt1458169,1
tt1458169,8
tt1458169,7
tt13722764,4
tt13722764,13
tt13722764,9
tt5111874,11
tt0217229,11
tt6432466,6
tt6432466,4
tt8890058,4
tt8890058,9
tt4685762,4
tt4685762,15
tt4685762,5
tt2024432,6
tt2024432,8
tt2024432,4
tt1723816,6
tt1723816,4
tt1353056,24
tt1353056,22
tt0120338,4
tt0120338,9
tt0101414,14
tt0101414,17
tt0101414,15
tt5463162,1
tt5463162,2
tt5463162,6
tt0182789,4
tt0182789,9
tt0182789,3
tt1920871,13
tt0460681,4
tt0460681,15
tt0460681,5
tt5614844,1
tt5614844,2
tt5614844,4
tt3470600,14
tt3470600,6
tt3470600,17
tt2188671,4
tt2188671,5
tt2188671,12
tt10960302,4
tt9249432,6
tt9249432,9
tt6229766,24
tt6229766,10
tt1618450,14
tt31591492,8
tt31591492,4
tt5888698,24
tt0450950,10
tt0450950,22
tt0477080,1
tt0477080,7
tt0465234,1
tt0465234,2
tt0465234,12
tt2557490,6
tt2557490,26
tt2249007,8
tt2249007,4
tt0103396,11
tt0103396,18
tt14218674,1
tt14218674,2
tt14218674,8
tt11773084,9
tt1957867,6
tt10982034,6
tt10982034,4
tt10982034,9
tt3444938,6
tt3444938,10
tt3444938,19
tt1673697,20
tt1673697,6
tt1673697,4
tt5645790,4
tt1148165,6
tt1148165,4
tt1148165,13
tt0382400,24
tt0382400,10
tt0382400,22
tt3159818,8
tt3159818,4
tt3159818,9
tt5193784,8
tt5193784,4
tt5193784,7
tt4438848,6
tt0945531,19
tt0099142,4
tt0099142,10
tt0298412,4
tt1755103,24
tt1755103,10
tt1755103,22
tt11847410,4
tt15495428,19
tt27218960,6
tt27218960,5
tt27218960,3
tt10638522,5
tt10638522,7
tt0385752,2
tt0385752,17
tt0385752,15
tt0145681,8
tt0145681,4
tt0145681,12
tt1562871,1
tt1562871,3
tt1562871,7
tt1155076,1
tt1155076,4
tt1155076,17
tt12823454,6
tt12823454,9
tt2071590,20
tt2071590,4
tt2071590,10
tt3846674,6
tt3846674,4
tt3846674,9
tt9620292,8
tt9620292,4
tt9620292,12
tt10676012,6
tt10676012,4
tt10676012,9
tt8504014,6
tt8504014,4
tt7690670,1
tt7690670,8
tt7690670,7
tt10147546,11
tt10147546,10
tt9032400,1
tt9032400,2
tt9032400,15
tt8145202,6
tt6776488,10
tt6776488,19
tt6107548,6
tt6107548,4
tt9359796,1
tt9359796,14
tt9359796,4
tt0816711,1
tt0816711,2
tt0816711,5
tt0405336,6
tt0405336,4
tt0405336,12
tt1325004,1
tt1325004,2
tt1325004,4
tt0416212,4
tt0475394,1
tt0475394,6
tt0475394,8
tt0489237,6
tt0489237,4
tt0489237,9
tt27554611,11
tt1600195,1
tt1600195,4
tt1600195,12
tt0316654,1
tt0316654,2
tt0316654,3
tt0255798,6
tt0255798,3
tt1145144,4
tt1145144,10
tt1145144,9
tt10417836,6
tt0432082,11
tt1456941,1
tt1456941,2
tt1456941,4
tt2172934,1
tt2172934,4
tt2172934,7
tt1022603,6
tt1022603,4
tt1022603,9
tt0175142,6
tt2291979,6
tt2291979,10
tt0106709,6
tt0106709,4
tt0106709,10
tt0107242,5
tt0107242,7
tt1032755,1
tt1032755,8
tt1032755,7
tt0988045,1
tt0988045,2
tt0988045,12
tt1229822,4
tt1229822,12
tt1229822,9
tt0857265,8
tt0857265,4
tt0857265,12
tt7083846,4
tt7083846,23
tt1051906,4
tt1051906,5
tt1051906,12
tt4068576,2
tt4068576,4
tt4068576,7
tt2379713,1
tt2379713,2
tt2379713,7
tt1822253,2
tt1822253,20
tt1822253,11
tt8371266,11
tt0117218,6
tt0117218,9
tt0117218,3
tt1924435,1
tt1924435,6
tt1924435,8
tt0411061,8
tt0411061,4
tt0411061,12
tt0285823,1
tt0285823,8
tt0285823,7
tt0120891,1
tt0120891,6
tt0120891,3
tt1231587,6
tt1231587,3
tt0119141,6
tt0119141,4
tt0119141,9
tt14260718,4
tt1093908,6
tt1093908,9
tt10901068,4
tt1267314,10
tt1267314,22
tt1560594,10
tt5574490,8
tt5574490,4
tt7718110,8
tt7718110,4
tt7718110,12
tt0305056,10
tt0305056,19
tt5361488,1
tt5361488,2
tt5361488,12
tt3226424,18
tt3226424,19
